,STATION,LAT,LON,FF,Pickup_Count,Dropoff_count,Ratio Pickup/FF,Pickup div Drop_off
4,104TH STREET,40.74782,-73.8606389,6916,1,4,0.000144592,0.25
164,104TH STREET-LIBERTY AVENUE,40.6817371,-73.8377128,5261,,3,0,0
5,111TH STREET,40.7600806,-73.8592493,6069,212,79,0.03493162,2.683544304
6,121ST STREET,40.70184,-73.8297379,5429,,2,0,0
63,125TH STREET,40.707399,-73.8269959,54944,,1,0,0
78,125TH STREET-LEXINGTON AVE,40.8043226,-73.9374094,57246,108,183,0.001886595,0.590163934
151,138TH ST-GRAND CONCOURSE,40.8132651,-73.9299039,8408,4,13,0.000475737,0.307692308
202,138TH STREET-3RD AVE,40.81005,-73.925142,16400,1,3,6.09756E-05,0.333333333
62,145TH STREET,40.703338,-73.8105779,44547,1,4,2.24482E-05,0.25
105,149TH ST-GRAND CONCOURSE,40.8182339,-73.9274649,27361,,3,0,0
34,149TH STREET & 3RD AVENUE,40.7623486,-73.8160267,39094,1,12,2.55794E-05,0.083333333
65,14TH STREET & 7TH AVENUE,40.7387664,-73.9997054,59802,307,197,0.005133608,1.558375635
87,14TH STREET-6TH AVENUE,40.7373064,-73.9966817,62077,83,92,0.001337049,0.902173913
92,14TH STREET-UNION SQUARE,40.7345201,-73.9902886,266252,630,568,0.002366179,1.10915493
98,157TH STREET-BROADWAY,40.8340265,-73.9448965,21726,26,58,0.001196723,0.448275862
99,161ST STREET-YANKEE STADIUM,40.8278854,-73.9259082,46157,2,5,4.33304E-05,0.4
142,163RD ST & AMSTERDAM AVE,40.8369515,-73.940147,7911,2,6,0.000252813,0.333333333
19,168TH STREET & BROADWAY,40.8416183,-73.9393951,58434,2,11,3.42266E-05,0.181818182
68,169TH STREET & HILLSIDE AVE,40.710153,-73.7942642,20144,1,9,4.96426E-05,0.111111111
129,181ST STREET-ST NICHOLAS AV,40.8490975,-73.9337471,22337,3,19,0.000134306,0.157894737
122,18TH AVE-MCDONALD AVE,40.629611,-73.9769496,10145,,1,0,0
154,18TH STREET-7TH AVENUE,40.7410377,-73.9978619,22478,161,136,0.007162559,1.183823529
135,191ST STREET-ST NICHOLAS AV,40.855256,-73.9293871,17756,,8,0,0
21,207TH STREET,40.755131,-73.7744779,10405,,2,0,0
22,215TH STREET,40.761796,-73.7678919,4311,,2,0,0
169,219TH ST-WHITE PLAINS ROAD,40.8838063,-73.862641,9044,,2,0,0
165,21ST STREET-JACKSON AVENUE,40.7477659,-73.9407579,3220,1,2,0.000310559,0.5
148,21ST STREET-QUEENSBRIDGE,40.7538909,-73.9422758,15626,5,8,0.00031998,0.625
23,225TH STREET,40.662007,-73.7545959,12263,482,276,0.039305227,1.746376812
170,225TH ST-WHITE PLAINS ROAD,40.8879783,-73.86033,11147,,,0,#DIV/0!
24,231ST STREET,40.758873,-73.7527719,18379,1,8,5.44099E-05,0.125
171,233RD ST-WHITE PLAINS ROAD,40.8933654,-73.8573551,12643,,3,0,0
150,238TH STREET-BROADWAY,40.8850362,-73.9007288,10160,1,9,9.84252E-05,0.111111111
104,23RD STREET-6TH AVENUE,40.7428886,-73.992802,70013,177,127,0.002528102,1.393700787
77,23RD STREET-PARK AVE SOUTH,40.7401787,-73.9863823,79683,280,316,0.003513924,0.886075949
134,28TH STREET-7TH AVENUE,40.7472153,-73.9933665,39359,301,297,0.007647552,1.013468013
93,33RD STREET-PARK AVENUE,40.7463947,-73.9818293,81933,358,386,0.004369424,0.92746114
140,34TH STREET - PENN STATION,40.7509993,-73.990625,199430,568,545,0.002848117,1.042201835
100,36TH STREET-4TH AVENUE,40.6542835,-74.0043769,28681,,8,0,0
157,3RD AVENUE-14TH STREET,40.665028,-73.9864499,15578,2,16,0.000128386,0.125
130,40TH STREET-LOWERY STREET,40.7438746,-73.9244309,23726,7,16,0.000295035,0.4375
30,42ND STREET & 3RD AVENUE,40.642711,-73.9942729,32115,1,,3.11381E-05,#DIV/0!
27,42ND STREET & GRAND CENTRAL,40.7517736,-73.9769013,430302,411,378,0.000955143,1.087301587
17,42ND STREET/TIMES SQUARE,40.755999,-73.9863389,289535,650,506,0.002244979,1.28458498
115,46TH ST-BLISS ST,40.7431326,-73.9182509,31308,10,21,0.000319407,0.476190476
132,46TH STREET-BROADWAY,40.756685,-73.9140471,22287,13,45,0.0005833,0.288888889
127,4TH AVENUE-9TH STREET,40.6703574,-73.9900272,28445,4,8,0.000140622,0.5
119,50TH STREET-NEW UTRECHT AVE,40.636068,-73.9947864,9340,,2,0,0
124,55TH ST-NEW UTRECHT AVE,40.6311405,-73.9955211,6296,,,0,#DIV/0!
51,57TH STREET & 7TH AVENUE,40.7655092,-73.9800305,73592,148,132,0.002011088,1.121212121
147,57TH STREET-6TH AVENUE,40.7642141,-73.9772704,43330,187,201,0.004315717,0.930348259
31,59TH STREET & LEXINGTON AVE,40.7627515,-73.9674728,164996,429,360,0.002600063,1.191666667
52,59TH STREET/COLUMBUS CIRCLE,40.7679985,-73.981908,196439,211,160,0.001074125,1.31875
102,63RD DRIVE-REGO PARK,40.722972,-73.8669459,40452,,2,0,0
158,65TH STREET-BROADWAY,40.7496469,-73.8984007,8296,4,11,0.00048216,0.363636364
113,67TH AVENUE-QUEENS BLVD,40.726797,-73.8532478,21456,1,9,4.6607E-05,0.111111111
94,68TH STREET-HUNTER COLLEGE,40.7678673,-73.9640766,96721,563,600,0.005820866,0.938333333
172,71ST STREET-NEW UTRECHT AVE,40.6193259,-73.9989348,10917,,2,0,0
205,72ND STREET & BROADWAY,40.7790164,-73.9818618,97663,180,167,0.001843073,1.077844311
136,72ND STREET-CENTRAL PK WEST,40.7762665,-73.9763215,20825,63,88,0.00302521,0.715909091
159,75TH AVENUE-QUEENS BLVD,40.7184711,-73.8373842,9094,3,1,0.000329888,3
2,75TH STREET & ELDERTS LANE,40.691321,-73.8672547,8878,1,5,0.000112638,0.2
109,77TH STREET-4TH AVENUE,40.6294337,-74.0255833,14258,,2,0,0
89,79TH STREET-BROADWAY,40.7840729,-73.980242,39961,90,71,0.002252196,1.267605634
139,7TH AVENUE-9TH STREET,40.6669775,-73.9816502,28471,1,15,3.51235E-05,0.066666667
58,82ND STREET-JACKSON HEIGHTS,40.7670326,-73.8876976,35623,181,72,0.005080987,2.513888889
96,86TH ST-CENTRAL PARK WEST,40.7855371,-73.9696427,22120,277,322,0.012522604,0.860248447
110,86TH STREET-4TH AVENUE,40.6229728,-74.0282305,21357,,3,0,0
90,86TH STREET-BROADWAY,40.7883915,-73.9769395,45478,100,107,0.002198865,0.934579439
72,90TH STREET/ELMHURST AVENUE,40.7484278,-73.8767956,41436,2,9,4.82672E-05,0.222222222
91,96TH STREET-BROADWAY,40.7945406,-73.9719092,84078,241,284,0.002866386,0.848591549
207,AIRTRAIN @ HOWARD BEACH,40.662031,-73.8263643,15663,18,16,0.001149205,1.125
196,ALABAMA AVENUE-FULTON ST,40.6768986,-73.8992908,3259,1,,0.000306843,#DIV/0!
167,ALLERTON AV-WHITE PLAINS RD,40.8647509,-73.8674619,13417,,1,0,0
192,AVENUE I-MCDONALD AVENUE,40.647694,-73.9803639,5089,2,5,0.000393005,0.4
193,AVENUE P-MCDONALD AVENUE,40.6088388,-73.9729855,7527,,1,0,0
194,AVENUE U-MCDONALD AVENUE,40.596017,-73.9733635,5130,,3,0,0
133,AVENUE X-MCDONALD AVENUE,40.5901547,-73.9741859,6875,,1,0,0
37,BARCLAYS CENTER,40.6826129,-73.97511066,108006,10,7,9.25874E-05,1.428571429
183,BAY 50TH STREET-STILLWELL,40.5886755,-73.9837274,5581,1,1,0.000179179,1
173,BAY PARKWAY-86TH STREET,40.6019098,-73.9938063,14563,,4,0,0
111,BAY RIDGE - 95TH STREET,40.6161881,-74.0310127,15668,,2,0,0
108,BAY RIDGE AVE-4TH AVENUE,40.6346594,-74.0234751,18372,1,8,5.44307E-05,0.125
38,BERGEN STREET,40.6824707,-73.9795606,8636,11,12,0.001273738,0.916666667
25,BOWLING GREEN & BROADWAY,40.70496825,-74.01365751,12860,21,33,0.00163297,0.636363636
145,BROADWAY - UNION AVENUE,40.7056438,-73.950212,7018,,2,0,0
57,BROADWAY & 31ST STREET,40.7619533,-73.9253765,27807,33,94,0.001186752,0.35106383
64,BROADWAY-EAST NEW YORK,40.7692188,-73.9818193,18910,143,135,0.007562136,1.059259259
181,BRONX PARK EAST,40.852088,-73.8686089,6336,,3,0,0
26,BROOKLYN BRIDGE,40.7010428,-73.9903533,90520,2,3,2.20946E-05,0.666666667
168,BURKE AVE-WHITE PLAINS ROAD,40.8706932,-73.867271,9397,,1,0,0
123,BURNSIDE AVE-JEROME AVE,40.8534329,-73.9077223,23812,,6,0,0
152,BUSHWICK AVENUE-ABERDEEN ST,40.6827996,-73.9052062,2707,,,0,#DIV/0!
69,CANAL STREET,40.724222,-74.0086439,22247,41,56,0.001842945,0.732142857
206,CANAL STREET-BROADWAY,40.7195085,-74.0016067,31995,96,91,0.003000469,1.054945055
114,CARROLL ST-PRESIDENT ST,40.6810586,-73.9944893,28268,24,44,0.000849017,0.545454545
184,CENTRAL AVE-MYRTLE AVE,40.6978875,-73.9274247,6496,3,10,0.000461823,0.3
16,CHAMBERS STREET,40.71552,-74.0092389,58704,92,96,0.001567185,0.958333333
97,CHRISTOPHER ST-SHERIDAN SQ,40.7335943,-74.0027844,28893,194,178,0.006714429,1.08988764
59,CHURCH AVENUE,40.6494014,-73.9631665,35133,1,3,2.84633E-05,0.333333333
53,CITY HALL,40.7127391,-74.00595118,9073,26,39,0.002865645,0.666666667
116,CLARK STREET-HENRY STREET,40.6974653,-73.9930222,14287,17,21,0.001189893,0.80952381
197,CLEVELAND STREET-FULTON ST,40.6796142,-73.8857367,9042,,,0,#DIV/0!
54,CORTLANDT STREET,40.709806,-74.0099879,10364,32,36,0.003087611,0.888888889
160,COURT SQ,40.7465249,-73.9430474,8991,11,26,0.001223446,0.423076923
199,CRESCENT STREET-FULTON ST,40.6833496,-73.873286,12126,,1,0,0
1,CYPRESS HILLS,40.6770477,-73.8912474,3682,,,0,#DIV/0!
60,DEKALB AVENUE,40.6899292,-73.9815403,34776,7,12,0.000201288,0.583333333
120,DEKALB AVE-WYCKOFF AVE,40.704312,-73.9192304,24848,,6,0,0
191,DITMAS AVE-MCDONALD AVE,40.6363063,-73.9781943,12166,,1,0,0
20,DYCKMAN STREET,40.8593649,-73.9233135,14743,,4,0,0
95,DYCKMAN STREET-BROADWAY,40.8653722,-73.9277222,14946,1,8,6.69075E-05,0.125
203,EAST 149TH ST-SOUTHERN BLVD,40.8119971,-73.9041966,9494,1,1,0.00010533,1
40,EASTERN PARKWAY,40.6729519,-73.9681929,10456,1,14,9.56389E-05,0.071428571
86,ELDER AVE-WESTCHESTER AVE,40.8285672,-73.8792849,15396,,1,0,0
112,ELMHURST AVE-BROADWAY,40.7421495,-73.8814583,27856,2,4,7.17978E-05,0.5
8,FIFTH AVENUE,40.75801405,-73.97695637,88005,279,261,0.003170274,1.068965517
175,FLUSHING AVE-BROADWAY,40.7002809,-73.9411682,21826,2,6,9.16338E-05,0.333333333
153,FLUSHING AVENUE-MARCY AVE,40.69963965,-73.9490216,6130,1,13,0.000163132,0.076923077
70,FORDHAM ROAD & JEROME AVE,40.8628529,-73.9010203,25365,,1,0,0
185,FOREST AVENUE-PUTNAM AVENUE,40.7043548,-73.9030596,10126,1,15,9.87557E-05,0.066666667
182,FORT HAMILTON PARKWAY-62ND,40.647105,-73.9819474,17193,,3,0,0
73,FRANKLIN AVE/EASTERN PKWY,40.669779,-73.9582919,28058,5,17,0.000178202,0.294117647
143,FRANKLIN AVENUE-FULTON ST,40.6811277,-73.9557068,12627,9,31,0.000712758,0.290322581
189,FREEMAN ST-SOUTHERN BLVD,40.8299195,-73.8917941,10781,,2,0,0
7,FULTON STREET,40.686309,-73.9744399,100827,2,4,1.9836E-05,0.5
178,GATES AVENUE-BROADWAY,40.6895761,-73.9222019,13438,2,6,0.000148832,0.333333333
39,GRAND ARMY PLAZA,40.6741411,-73.97013926,17319,5,15,0.0002887,0.333333333
125,GRAND ST-BUSHWICK AVE,40.7119711,-73.9406949,11908,16,22,0.001343635,0.727272727
121,GREENPOINT AVE,40.73036,-73.9525069,21011,10,33,0.000475941,0.303030303
179,HALSEY STREET-BROADWAY,40.6863449,-73.9165406,12963,,9,0,0
162,HEWES STREET-BROADWAY,40.7068552,-73.9533503,7784,7,11,0.000899281,0.636363636
117,HOYT STREET-HOYT STREET,40.689631,-73.9857389,9103,7,10,0.000768977,0.7
186,JACKSON AVENUE-WESTCHESTER,40.816519,-73.90778,12726,,2,0,0
56,JAY ST-METROTECH,40.6922283,-73.9872888,95184,18,25,0.000189107,0.72
46,JUNIUS STREET,40.662125,-73.9010529,4751,,,0,#DIV/0!
107,KINGS HIGHWAY-EAST 16TH ST,40.6083137,-73.9573055,39730,,6,0,0
76,KINGS HIGHWAY-MCDONALD AVE,40.6030821,-73.9723596,8505,,1,0,0
85,KINGSBRIDGE RD-JEROME AVE,40.8676616,-73.8972239,20655,,6,0,0
74,KINGSTON AVE/EASTERN PKWY,40.672078,-73.9419449,14875,,4,0,0
190,KNICKERBOCKER AVE-MYRTLE AV,40.6987479,-73.9189811,8854,1,4,0.000112943,0.25
177,KOSCIUSZKO STREET-BROADWAY,40.6934095,-73.9289536,9523,,4,0,0
138,LAFAYETTE AVENUE-FULTON ST,40.6863074,-73.9744304,10862,7,31,0.000644449,0.225806452
9,LEXINGTON AVENUE,40.80567,-73.9364709,130066,7,17,5.38188E-05,0.411764706
200,LIBERTY AVE-PENNSYLVANIA AV,40.6744049,-73.8965126,5285,,,0,#DIV/0!
161,LIVONIA AVE-VAN SINDEREN AV,40.6636981,-73.9005231,5781,,,0,#DIV/0!
204,LONGWOOD AVE-SOUTHERN BLVD,40.8162276,-73.896217,7378,,,0,#DIV/0!
163,LORIMER STREET-BROADWAY,40.7038293,-73.9473618,9861,1,2,0.00010141,0.5
35,MAIN STREET,40.7032441,-73.9906657,94467,8,15,8.46857E-05,0.533333333
61,METROPOLITAN AVENUE,40.714072,-73.9543399,9058,90,85,0.009935968,1.058823529
131,MONTROSE AVENUE,40.7065829,-73.9510875,13650,5,8,0.0003663,0.625
141,MORGAN AVENUE-HARRISON PL,40.7062248,-73.9326982,15766,1,18,6.34276E-05,0.055555556
176,MYRTLE AVENUE-BROADWAY,40.6973342,-73.9357162,23166,1,5,4.31667E-05,0.2
126,NASSAU AVE-MANHATTAN AVE,40.723944,-73.9508909,19892,35,34,0.001759501,1.029411765
36,NEVINS STREET,40.6784721,-73.9878231,25769,,1,0,0
49,NEW LOTS AVENUE,40.656684,-73.9045299,12781,,3,0,0
174,NEW LOTS AV-VAN SINDEREN AV,40.6589611,-73.8992787,8298,,,0,#DIV/0!
79,NEWKIRK AVE-NOSTRAND AVE,40.6399631,-73.9484143,17840,,4,0,0
82,NEWKIRK PLAZA,40.634908,-73.9627491,22729,,12,0,0
144,NORTHERN BLVD-BROADWAY,40.7530198,-73.9062386,14651,2,6,0.000136509,0.333333333
198,NORWOOD AVENUE-FULTON ST,40.6817017,-73.8790759,9443,,,0,#DIV/0!
41,NOSTRAND AVENUE,40.6783847,-73.9481991,8393,,18,0,0
15,PARK PLACE,40.67312,-73.9446279,159827,,,0,#DIV/0!
67,PARSONS BLVD & HILLSIDE AV,40.7073827,-73.8037847,14169,1,,7.05766E-05,#DIV/0!
195,PELHAM PKWY-ESPLANADE,40.859229,-73.855036,8354,,3,0,0
166,PELHAM PKWY-WHITE PLAINS RD,40.8572477,-73.867656,18656,,2,0,0
47,PENNSYLVANIA AVENUE,40.6431928,-73.8758501,11971,,,0,#DIV/0!
187,PROSPECT AVENUE-WESTCHESTER,40.8196507,-73.9016566,16457,,,0,#DIV/0!
71,QUEENSBORO PLAZA,40.750353,-73.9397081,22020,15,8,0.000681199,1.875
149,RECTOR STREET-GREENWICH ST,40.7073629,-74.01385,30023,60,63,0.001998468,0.952380952
45,ROCKAWAY AVENUE,40.6781335,-73.9107585,12658,,,0,#DIV/0!
180,ROCKAWAY BLVD-LIBERTY AVE,40.6804813,-73.8437454,16169,,1,0,0
11,ROOSEVELT AVE/JACKSON HTS,40.7468181,-73.8917048,95929,2,14,2.08488E-05,0.142857143
128,ROOSEVELT ISLAND,40.7614177,-73.95022807,9747,219,305,0.022468452,0.718032787
44,SARATOGA AVENUE,40.657362,-73.9144129,14358,,3,0,0
80,SHEEPSHEAD BAY ROAD,40.587072,-73.9527829,31018,,3,0,0
188,SIMPSON ST-WESTCHESTER AVE,40.8241366,-73.8929648,16921,,1,0,0
137,SPRING STREET-6TH AVENUE,40.7255097,-74.0040301,33715,90,99,0.002669435,0.909090909
155,SPRING STREET-LAFAYETTE ST,40.7223025,-73.9971855,34247,552,429,0.0161182,1.286713287
50,ST GEORGE TERMINAL,40.6440501,-74.0725752,31446,,,0,#DIV/0!
106,STERLING ST-NOSTRAND AVE,40.6631179,-73.9508971,13248,,11,0,0
83,STILLWELL AVE-CONEY ISLAND,40.584809,-73.9830039,22230,,,0,#DIV/0!
75,SUTPHIN BLVD-HILLSIDE AVE,40.7055897,-73.8100753,13400,1,3,7.46269E-05,0.333333333
12,SUTPHIN BOULEVARD,40.6945556,-73.8021147,45887,2,6,4.35853E-05,0.333333333
43,SUTTER AVENUE,40.666746,-73.9129099,17648,,,0,#DIV/0!
88,TOMPKINSVILLE,40.6364926,-74.0854193,2437,1,26,0.000410341,0.038461538
118,UNION STREET-4TH AVENUE,40.6771863,-73.9832016,15195,10,17,0.000658111,0.588235294
84,UNION TURNPIKE-KEW GARDENS,40.7136948,-73.8300605,49822,4,3,8.02858E-05,1.333333333
42,UTICA AVENUE,40.662756,-73.9315559,50977,1,4,1.96167E-05,0.25
48,VAN SICLEN AVENUE,40.662014,-73.8868139,7809,,,0,#DIV/0!
201,VAN SICLEN AVE-PITKIN AVE,40.672717,-73.8903216,7103,,,0,#DIV/0!
13,WALL STREET,40.7060176,-74.008831,74185,57,67,0.000768349,0.850746269
14,WALL STREET,40.7060176,-74.008831,65159,57,67,0.000874783,0.850746269
81,WEST 4TH ST-WASHINGTON SQ,40.731059,-74.0014015,108849,156,115,0.001433178,1.356521739
66,WESTCHESTER SQUARE,40.8408333,-73.8430556,12275,1,2,8.14664E-05,0.5
0,WHITEHALL STREET,40.562644,-74.1237739,42006,,2,0,0
101,WOODHAVEN BLVD-QUEENS BLVD,40.733229,-73.8696415,50847,,1,0,0
3,WOODHAVEN BOULEVARD,40.7333057,-73.870596,9806,1,1,0.000101978,1
33,WOODLAWN ROAD,40.898155,-73.8673573,11280,,,0,#DIV/0!
146,YORK STREET-JAY STREET,40.7013735,-73.9866843,19713,14,25,0.000710191,0.56
156,ZEREGA AVE-WESTCHESTER AVE,40.8366151,-73.8470306,11966,,3,0,0
